{
  "name": "root",
  "gauges": [
    {
      "name": "PaddleBrain1.mean_reward",
      "value": -480.92263570427895,
      "min": -480.92263570427895,
      "max": 39.75907827913761,
      "count": 9
    },
    {
      "name": "PaddleBrain2.mean_reward",
      "value": -152.58932304382324,
      "min": -3054.176086694002,
      "max": -152.58932304382324,
      "count": 9
    }
  ],
  "total": 244.1517629,
  "count": 1,
  "self": 19.88802910000024,
  "children": [
    {
      "name": "TrainerController.advance",
      "total": 224.26373379999976,
      "count": 18481,
      "self": 23.97894199999925,
      "children": [
        {
          "name": "env_step",
          "total": 188.51201230000038,
          "count": 18481,
          "self": 163.87589690000215,
          "children": [
            {
              "name": "SubprocessEnvManager._take_step",
              "total": 24.371225400000647,
              "count": 18481,
              "self": 0.7674329999990945,
              "children": [
                {
                  "name": "PPOPolicy.evaluate",
                  "total": 23.603792400001552,
                  "count": 36962,
                  "self": 23.603792400001552
                }
              ]
            },
            {
              "name": "workers",
              "total": 0.2648899999975818,
              "count": 18480,
              "self": 0.0,
              "children": [
                {
                  "name": "worker_root",
                  "total": 240.27319369999955,
                  "count": 18480,
                  "is_parallel": true,
                  "self": 93.0695241999976,
                  "children": [
                    {
                      "name": "UnityEnvironment.step",
                      "total": 147.20366950000195,
                      "count": 18480,
                      "is_parallel": true,
                      "self": 5.90483110000207,
                      "children": [
                        {
                          "name": "UnityEnvironment._generate_step_input",
                          "total": 1.6131982999998797,
                          "count": 18480,
                          "is_parallel": true,
                          "self": 1.6131982999998797
                        },
                        {
                          "name": "communicator.exchange",
                          "total": 139.6856401,
                          "count": 18480,
                          "is_parallel": true,
                          "self": 139.6856401
                        }
                      ]
                    }
                  ]
                }
              ]
            }
          ]
        },
        {
          "name": "update_policy",
          "total": 11.772779500000135,
          "count": 152,
          "self": 2.262699599999264,
          "children": [
            {
              "name": "PPOPolicy.update",
              "total": 9.510079900000871,
              "count": 7062,
              "self": 9.510079900000871
            }
          ]
        }
      ]
    }
  ]
}