{
  "name": "root",
  "gauges": [
    {
      "name": "PaddleBrain1.mean_reward",
      "value": -1412.11747013198,
      "min": -1757.0461749732494,
      "max": 49.62356952826182,
      "count": 38
    },
    {
      "name": "PaddleBrain2.mean_reward",
      "value": -561.0094565285576,
      "min": -1966.5522376469203,
      "max": -10.507263600826263,
      "count": 38
    }
  ],
  "total": 893.8215359,
  "count": 1,
  "self": 51.4339985000106,
  "children": [
    {
      "name": "TrainerController.advance",
      "total": 842.3875373999894,
      "count": 76531,
      "self": 97.07650509998336,
      "children": [
        {
          "name": "env_step",
          "total": 696.2109288000053,
          "count": 76531,
          "self": 594.7553545000118,
          "children": [
            {
              "name": "SubprocessEnvManager._take_step",
              "total": 100.30506489999534,
              "count": 76531,
              "self": 3.1785635999871857,
              "children": [
                {
                  "name": "PPOPolicy.evaluate",
                  "total": 97.12650130000816,
                  "count": 153062,
                  "self": 97.12650130000816
                }
              ]
            },
            {
              "name": "workers",
              "total": 1.1505093999981728,
              "count": 76530,
              "self": 0.0,
              "children": [
                {
                  "name": "worker_root",
                  "total": 887.88090909999,
                  "count": 76530,
                  "is_parallel": true,
                  "self": 362.182100499993,
                  "children": [
                    {
                      "name": "UnityEnvironment.step",
                      "total": 525.698808599997,
                      "count": 76530,
                      "is_parallel": true,
                      "self": 24.77269920000839,
                      "children": [
                        {
                          "name": "UnityEnvironment._generate_step_input",
                          "total": 7.023257199990216,
                          "count": 76530,
                          "is_parallel": true,
                          "self": 7.023257199990216
                        },
                        {
                          "name": "communicator.exchange",
                          "total": 493.90285219999845,
                          "count": 76530,
                          "is_parallel": true,
                          "self": 493.90285219999845
                        }
                      ]
                    }
                  ]
                }
              ]
            }
          ]
        },
        {
          "name": "update_policy",
          "total": 49.10010350000077,
          "count": 644,
          "self": 9.74538260000007,
          "children": [
            {
              "name": "PPOPolicy.update",
              "total": 39.3547209000007,
              "count": 29592,
              "self": 39.3547209000007
            }
          ]
        }
      ]
    }
  ]
}