{
  "name": "root",
  "gauges": [
    {
      "name": "PaddleBrain1.mean_reward",
      "value": -230.23675653934478,
      "min": -2430.683272043864,
      "max": -121.9920841217041,
      "count": 9
    },
    {
      "name": "PaddleBrain2.mean_reward",
      "value": -240.06474719047546,
      "min": -817.6173789024353,
      "max": 89.82213044166565,
      "count": 9
    }
  ],
  "total": 326.76947429999996,
  "count": 1,
  "self": 23.481690799998773,
  "children": [
    {
      "name": "TrainerController.advance",
      "total": 303.2877835000012,
      "count": 25919,
      "self": 34.738142100000175,
      "children": [
        {
          "name": "env_step",
          "total": 257.6039402000011,
          "count": 25919,
          "self": 219.3752420000031,
          "children": [
            {
              "name": "SubprocessEnvManager._take_step",
              "total": 37.81121789999702,
              "count": 25919,
              "self": 1.2307506000020538,
              "children": [
                {
                  "name": "PPOPolicy.evaluate",
                  "total": 36.580467299994964,
                  "count": 51838,
                  "self": 36.580467299994964
                }
              ]
            },
            {
              "name": "workers",
              "total": 0.41748030000096303,
              "count": 25918,
              "self": 0.0,
              "children": [
                {
                  "name": "worker_root",
                  "total": 322.1820685000003,
                  "count": 25918,
                  "is_parallel": true,
                  "self": 128.36436050000046,
                  "children": [
                    {
                      "name": "UnityEnvironment.step",
                      "total": 193.81770799999984,
                      "count": 25918,
                      "is_parallel": true,
                      "self": 8.81380100000024,
                      "children": [
                        {
                          "name": "UnityEnvironment._generate_step_input",
                          "total": 2.5412231000017496,
                          "count": 25918,
                          "is_parallel": true,
                          "self": 2.5412231000017496
                        },
                        {
                          "name": "communicator.exchange",
                          "total": 182.46268389999784,
                          "count": 25918,
                          "is_parallel": true,
                          "self": 182.46268389999784
                        }
                      ]
                    }
                  ]
                }
              ]
            }
          ]
        },
        {
          "name": "update_policy",
          "total": 10.945701199999899,
          "count": 48,
          "self": 3.0702684000005753,
          "children": [
            {
              "name": "PPOPolicy.update",
              "total": 7.875432799999324,
              "count": 3684,
              "self": 7.875432799999324
            }
          ]
        }
      ]
    }
  ]
}