{
  "name": "root",
  "gauges": [
    {
      "name": "PaddleBrain1.mean_reward",
      "value": 0.25,
      "min": -1.0,
      "max": 0.6666666666666666,
      "count": 100
    },
    {
      "name": "PaddleBrain2.mean_reward",
      "value": -1.0,
      "min": -1.0,
      "max": 0.5,
      "count": 100
    }
  ],
  "total": 2099.4260893,
  "count": 1,
  "self": 114.38761169999702,
  "children": [
    {
      "name": "TrainerController.advance",
      "total": 1985.038477600003,
      "count": 201987,
      "self": 206.35531740000147,
      "children": [
        {
          "name": "env_step",
          "total": 1634.6711778000042,
          "count": 201987,
          "self": 1382.4926363999593,
          "children": [
            {
              "name": "SubprocessEnvManager._take_step",
              "total": 249.93489770004044,
              "count": 201987,
              "self": 7.972239900034367,
              "children": [
                {
                  "name": "PPOPolicy.evaluate",
                  "total": 241.96265780000607,
                  "count": 403974,
                  "self": 241.96265780000607
                }
              ]
            },
            {
              "name": "workers",
              "total": 2.243643700004408,
              "count": 201986,
              "self": 0.0,
              "children": [
                {
                  "name": "worker_root",
                  "total": 2088.809131299978,
                  "count": 201986,
                  "is_parallel": true,
                  "self": 853.5908232000206,
                  "children": [
                    {
                      "name": "UnityEnvironment.step",
                      "total": 1235.2183080999575,
                      "count": 201986,
                      "is_parallel": true,
                      "self": 55.88545439989002,
                      "children": [
                        {
                          "name": "UnityEnvironment._generate_step_input",
                          "total": 14.721753200076417,
                          "count": 201986,
                          "is_parallel": true,
                          "self": 14.721753200076417
                        },
                        {
                          "name": "communicator.exchange",
                          "total": 1164.6111004999912,
                          "count": 201986,
                          "is_parallel": true,
                          "self": 1164.6111004999912
                        }
                      ]
                    }
                  ]
                }
              ]
            }
          ]
        },
        {
          "name": "update_policy",
          "total": 144.01198239999735,
          "count": 3088,
          "self": 25.52411550001996,
          "children": [
            {
              "name": "PPOPolicy.update",
              "total": 118.48786689997739,
              "count": 119856,
              "self": 118.48786689997739
            }
          ]
        }
      ]
    }
  ]
}