{
  "name": "root",
  "gauges": [
    {
      "name": "PaddleBrain1.mean_reward",
      "value": 382.6636813879013,
      "min": -3810.9625738859177,
      "max": 1279.5693937540054,
      "count": 86
    },
    {
      "name": "PaddleBrain2.mean_reward",
      "value": 244.09711909294128,
      "min": -560004.9468692541,
      "max": 909.7244971990585,
      "count": 86
    }
  ],
  "total": 2118.0210633,
  "count": 1,
  "self": 109.90254790005201,
  "children": [
    {
      "name": "TrainerController.advance",
      "total": 2008.1185153999481,
      "count": 200001,
      "self": 209.97100899996053,
      "children": [
        {
          "name": "env_step",
          "total": 1727.575958399987,
          "count": 200001,
          "self": 1472.6483959999468,
          "children": [
            {
              "name": "SubprocessEnvManager._take_step",
              "total": 252.65902600003366,
              "count": 200001,
              "self": 8.229464000037012,
              "children": [
                {
                  "name": "PPOPolicy.evaluate",
                  "total": 244.42956199999665,
                  "count": 400002,
                  "self": 244.42956199999665
                }
              ]
            },
            {
              "name": "workers",
              "total": 2.268536400006405,
              "count": 200001,
              "self": 0.0,
              "children": [
                {
                  "name": "worker_root",
                  "total": 2109.241093100004,
                  "count": 200001,
                  "is_parallel": true,
                  "self": 779.974522700008,
                  "children": [
                    {
                      "name": "UnityEnvironment.step",
                      "total": 1329.266570399996,
                      "count": 200001,
                      "is_parallel": true,
                      "self": 52.31822709994253,
                      "children": [
                        {
                          "name": "UnityEnvironment._generate_step_input",
                          "total": 13.892000399976666,
                          "count": 200001,
                          "is_parallel": true,
                          "self": 13.892000399976666
                        },
                        {
                          "name": "communicator.exchange",
                          "total": 1263.0563429000767,
                          "count": 200001,
                          "is_parallel": true,
                          "self": 1263.0563429000767
                        }
                      ]
                    }
                  ]
                }
              ]
            }
          ]
        },
        {
          "name": "update_policy",
          "total": 70.57154800000052,
          "count": 384,
          "self": 20.157333199977316,
          "children": [
            {
              "name": "PPOPolicy.update",
              "total": 50.4142148000232,
              "count": 29484,
              "self": 50.4142148000232
            }
          ]
        }
      ]
    }
  ]
}