{"count":1,"self":4.4049423999999995,"total":4.4157601999999994,"children":{"AgentResetIfDone":{"count":182,"self":0.0019973,"total":0.0019973,"children":null},"AgentSendState":{"count":182,"self":0.00099739999999999985,"total":0.003833,"children":{"CollectObservations":{"count":364,"self":0.0028355999999999998,"total":0.0028355999999999998,"children":null}}},"DecideAction":{"count":182,"self":0.0029969999999999997,"total":0.0029969999999999997,"children":null},"AcademyStep":{"count":182,"self":0,"total":0,"children":null},"AgentAct":{"count":182,"self":0.00099319999999999986,"total":0.00099319999999999986,"children":null}}}