{"count":1,"self":2.8137216,"total":2.8197050999999997,"children":{"AgentResetIfDone":{"count":262,"self":0.00099779999999999986,"total":0.00099779999999999986,"children":null},"AgentSendState":{"count":262,"self":0.00099739999999999985,"total":0.0019947,"children":{"CollectObservations":{"count":524,"self":0.0009973,"total":0.0009973,"children":null}}},"DecideAction":{"count":262,"self":0,"total":0,"children":null},"AcademyStep":{"count":262,"self":0,"total":0,"children":null},"AgentAct":{"count":262,"self":0.0019936,"total":0.0019936,"children":null}}}