{"count":1,"self":5.6994016,"total":6.3216952,"children":{"AgentResetIfDone":{"count":288,"self":0.00097459999999999995,"total":0.00097459999999999995,"children":null},"AgentSendState":{"count":288,"self":0.0009947,"total":0.0019939,"children":{"CollectObservations":{"count":576,"self":0.0009992,"total":0.0009992,"children":null}}},"DecideAction":{"count":288,"self":0.6163328,"total":0.6163328,"children":null},"AcademyStep":{"count":288,"self":0,"total":0,"children":null},"AgentAct":{"count":288,"self":0.0019947999999999997,"total":0.0019947999999999997,"children":null}}}