{"count":1,"self":131.889536,"total":320.698025,"children":{"AgentResetIfDone":{"count":25920,"self":0.5680578,"total":0.5680578,"children":null},"AgentSendState":{"count":25920,"self":1.4498273,"total":2.1236805999999997,"children":{"CollectObservations":{"count":51840,"self":0.6738533,"total":0.6738533,"children":null}}},"DecideAction":{"count":25920,"self":184.4394624,"total":185.5185584,"children":{"AgentInfo.ToProto":{"count":51840,"self":1.0791003,"total":1.0791003,"children":null}}},"AcademyStep":{"count":25920,"self":0.15833909999999998,"total":0.15833909999999998,"children":null},"AgentAct":{"count":25920,"self":0.4388581,"total":0.4388581,"children":null}}}