{"count":1,"self":22.809846399999998,"total":22.8308501,"children":{"AgentResetIfDone":{"count":2654,"self":0.0070855,"total":0.0070855,"children":null},"AgentSendState":{"count":2654,"self":0.0039895,"total":0.0079902999999999988,"children":{"CollectObservations":{"count":5308,"self":0.0040008,"total":0.0040008,"children":null}}},"DecideAction":{"count":2654,"self":0.0029368999999999997,"total":0.0029368999999999997,"children":null},"AcademyStep":{"count":2654,"self":0.0009964,"total":0.0009964,"children":null},"AgentAct":{"count":2654,"self":0.0009977,"total":0.0009977,"children":null}}}