{"count":1,"self":9.7839488,"total":9.8090335,"children":{"AgentResetIfDone":{"count":1071,"self":0.00099859999999999988,"total":0.00099859999999999988,"children":null},"AgentSendState":{"count":1071,"self":0.0082866,"total":0.016093899999999998,"children":{"CollectObservations":{"count":1992,"self":0.0078073,"total":0.0078073,"children":null}}},"DecideAction":{"count":921,"self":0.007992599999999999,"total":0.007992599999999999,"children":null}}}