{"count":1,"self":866.3527424,"total":2093.3390178,"children":{"AgentResetIfDone":{"count":201988,"self":3.8844171999999997,"total":3.8844171,"children":null},"AgentSendState":{"count":201988,"self":9.3769672,"total":13.2822996,"children":{"CollectObservations":{"count":403976,"self":3.9053324,"total":3.9053324,"children":null}}},"DecideAction":{"count":201988,"self":1198.7660799999999,"total":1205.7385861999999,"children":{"AgentInfo.ToProto":{"count":403976,"self":6.9724856,"total":6.9724857,"children":null}}},"AcademyStep":{"count":201988,"self":1.1324954999999999,"total":1.1324954999999999,"children":null},"AgentAct":{"count":201988,"self":2.9475048,"total":2.9475047,"children":null}}}