{"count":1,"self":9.1434208,"total":10.2350003,"children":{"AgentResetIfDone":{"count":479,"self":0,"total":0,"children":null},"AgentSendState":{"count":479,"self":0.0010046,"total":0.0020032,"children":{"CollectObservations":{"count":958,"self":0.00099859999999999988,"total":0.00099859999999999988,"children":null}}},"DecideAction":{"count":479,"self":1.0865852999999999,"total":1.0865852999999999,"children":null},"AcademyStep":{"count":479,"self":0,"total":0,"children":null},"AgentAct":{"count":479,"self":0.0019938,"total":0.0019938,"children":null}}}