{"count":1,"self":2.893461,"total":3.6825497,"children":{"AgentResetIfDone":{"count":370,"self":0.0010052,"total":0.0010052,"children":null},"AgentSendState":{"count":370,"self":0.0049571,"total":0.0068641,"children":{"CollectObservations":{"count":740,"self":0.0019069999999999998,"total":0.0019069999999999998,"children":null}}},"DecideAction":{"count":370,"self":0.7702413,"total":0.7702413,"children":null},"AcademyStep":{"count":370,"self":0.00099739999999999985,"total":0.00099739999999999985,"children":null},"AgentAct":{"count":370,"self":0.0089833,"total":0.0089833,"children":null}}}