{"count":1,"self":15.2971024,"total":16.6209494,"children":{"AgentResetIfDone":{"count":587,"self":0.00099779999999999986,"total":0.00099779999999999986,"children":null},"AgentSendState":{"count":587,"self":0.0029909999999999997,"total":0.003988,"children":{"CollectObservations":{"count":1174,"self":0.000997,"total":0.000997,"children":null}}},"DecideAction":{"count":587,"self":1.3108733,"total":1.3108733,"children":null},"AcademyStep":{"count":587,"self":0.0019974,"total":0.0019974,"children":null},"AgentAct":{"count":587,"self":0.0059908,"total":0.0059908,"children":null}}}