{"count":1,"self":9.1670112,"total":10.056436099999999,"children":{"AgentResetIfDone":{"count":415,"self":0.0028897,"total":0.0028897,"children":null},"AgentSendState":{"count":415,"self":0.0099068,"total":0.0128725,"children":{"CollectObservations":{"count":830,"self":0.0029657,"total":0.0029657,"children":null}}},"DecideAction":{"count":415,"self":0.8696136,"total":0.8696136,"children":null},"AcademyStep":{"count":415,"self":0.0020266999999999998,"total":0.0020266999999999998,"children":null},"AgentAct":{"count":415,"self":0.0020225,"total":0.0020225,"children":null}}}