{"count":1,"self":21.3315888,"total":28.1536092,"children":{"AgentResetIfDone":{"count":3262,"self":0.0148141,"total":0.0148141,"children":null},"AgentSendState":{"count":3262,"self":0.0188441,"total":0.023823999999999998,"children":{"CollectObservations":{"count":6524,"self":0.0049799,"total":0.0049799,"children":null}}},"DecideAction":{"count":3262,"self":6.7015024,"total":6.7015025,"children":null},"AcademyStep":{"count":3262,"self":0.0219433,"total":0.0219433,"children":null},"AgentAct":{"count":3262,"self":0.058937399999999994,"total":0.058937399999999994,"children":null}}}