{"count":1,"self":87.306944,"total":108.192287,"children":{"AgentResetIfDone":{"count":11224,"self":0.051160699999999996,"total":0.051160699999999996,"children":null},"AgentSendState":{"count":11224,"self":0.0489492,"total":0.0829081,"children":{"CollectObservations":{"count":22448,"self":0.0339589,"total":0.0339589,"children":null}}},"DecideAction":{"count":11224,"self":20.4916928,"total":20.4916929,"children":null},"AcademyStep":{"count":11224,"self":0.0828748,"total":0.0828748,"children":null},"AgentAct":{"count":11224,"self":0.1757105,"total":0.1757105,"children":null}}}