{"count":1,"self":92.0540032,"total":92.328694599999992,"children":{"AgentResetIfDone":{"count":4528,"self":0.020247599999999998,"total":0.020247599999999998,"children":null},"AgentSendState":{"count":4528,"self":0.0535813,"total":0.0836917,"children":{"CollectObservations":{"count":8906,"self":0.0301104,"total":0.0301104,"children":null}}},"DecideAction":{"count":4378,"self":0.17075479999999998,"total":0.17075479999999998,"children":null}}}