{"count":1,"self":71.9834624,"total":93.79248539999999,"children":{"AgentResetIfDone":{"count":10485,"self":0.067708499999999991,"total":0.067708499999999991,"children":null},"AgentSendState":{"count":10485,"self":0.0855481,"total":0.12629869999999999,"children":{"CollectObservations":{"count":20970,"self":0.0407506,"total":0.0407506,"children":null}}},"DecideAction":{"count":10485,"self":21.371616,"total":21.3716166,"children":null},"AcademyStep":{"count":10485,"self":0.0607983,"total":0.0607983,"children":null},"AgentAct":{"count":10485,"self":0.18160469999999998,"total":0.18160469999999998,"children":null}}}